{
    "site": {
        "name": "Bisnis.com - Interaktif PTBI",
        "description": "Sinergi untuk Stabilitas & Transformasi Ekonomi",
        "url": "https://interaktif.bisnis.com/",
        "keywords": "interaktif, bisnis.com, berita, longform, berita mendalam",
        "favicon": "https://static.bisnis-cdn.com/interaktif/assets/images/favicon.png"
    },
    "trend": [{
            "title": "Slower and Divergent Growth",
            "desc": "Proyeksi Bank Indonesia, perlambatan berpotensi berlanjut menjadi 3,1% pada 2025 dan 3,0% pada 2026, ekonomi Indonesia diprakirakan masih cukup baik."
        },
        {
            "title": "Reemergence Inflation Pressures",
            "desc": "Penurunan inflasi melambat, bahkan berisiko naik di 2026, dikarenakan gangguan rantai pasok dan perang dagang."
        },
        {
            "title": "Higher US Interest Rate",
            "desc": "Penurunan Fed Fund Rate akan lebih rendah, Yield US Treasury akan naik tinggi karena defisit fiskal dan utang pemerintah AS yang meningkat."
        },
        {
            "title": "Strong Dollar",
            "desc": "Dollar Amerika menguat, mendorong tekanan kepada nilai tukar seluruh dunia."
        },
        {
            "title": "Invest in America",
            "desc": "Meningkatkan aliran modal asing dari negara berkembang ke AS."
        }
    ],
    "synergy": [{
            "title": "Sinergi memperkuat stabilitas makroekonomi & sistem keuangan",
            "color": "#40D4E2"
        },
        {
            "title": "Sinergi dorong permintaan domestik: konsumsi & investasi",
            "color": "#43D1A1"
        },
        {
            "title": "Sinergi meningkatkan produktivitas & kapasitas ekonomi nasional",
            "color": "#9ACF41"
        },
        {
            "title": "Sinergi pendalaman keuangan untuk pembiayaan perekonomian",
            "color": "#40A7E1"
        },
        {
            "title": "Sinergi digitalisasi sistem pembayaran dan ekonomi keuangan digital nasional",
            "color": "#4481DC"
        }
    ],
    "policy": [{
            "caption": "Moneter",
            "title": "Moneter",
            "list": "<li>Kebijakan suku bunga secara <i>forward looking</i> dan <i>pre-emptive.</i></li><li>Kebijakan stabilisasi nilai tukar Rupiah.</li><li>Operasi moneter <i>“pro-market”</i> untuk memperkuat efektivitas transmisi kebijakan BI.</li><li>Menjaga kecukupan cadangan devisa.</li>"
        },
        {
            "caption": "Makro-<br>prudensial",
            "title": "Makroprudensial",
            "list": "<li>Kebijakan Insentif Likuditas Makroprudensial (KLM) untuk dorong kredit.</li><li>Kebijakan likuiditas longgar.</li><li>Penguatan surveilans sistemik.</li>"
        },
        {
            "caption": "Sistem <br> Pembayaran",
            "title": "Sistem Pembayaran",
            "list": "<li>Pengembangan New BI-FAST dan fast payment, modernisasi BI-RTGS.</li><li>Inovasi QRIS dengan target 58 juta pengguna dengan 40 juta merchant.</li><li>Perluasan kerjasama QRIS antarnegara.</li>"
        },
        {
            "caption": "Pendalaman <br> Pasar Uang <br> & Valas",
            "title": "Pendalaman Pasar Uang & <br>Valas",
            "list": "<li>Kebijakan pendalaman pasar uang diarahkan untuk mewujudkan pasar uang yang modern dan berstandar internasional.</li><li>Kebijakan pendalaman pasar merujuk <i>Blueprint</i> Pendalaman Pasar Uang dan Pasar Valuta Asing (BPPU) 2025-2030.</li>"
        },
        {
            "caption": "Ekonomi <br> Inklusif & <br> Hijau",
            "title": "Ekonomi Inklusif dan Hijau",
            "list": "<li>Mengembangkan UMKM dan ekonomi hijau melalui Karya Kreatif Indonesia (KKI).</li><li>Pengembangan ekonomi-keuangan syariah, khususnya makanan halal dan modest fashion.</li>"
        }
    ]
}